{
  "signature2": [
    200.52000427246094,
    531.3600006103516
  ],
  "signature1": [
    673.5200042724609,
    501.36000061035156
  ],
  "name": [
    538.5200042724609,
    383.0399932861328
  ],
  "rno": [
    712.5200042724609,
    418.0399932861328
  ],
  "branch": [
    263.52000427246094,
    419.0399932861328
  ],
  "activities": [
    466.52000427246094,
    445.0399932861328
  ]
}